roi1,roi2,diff,t_stat,p_value
L_STS,R_IFG,0.107321545,2.258655071258545,0.028913022950291634
L_STG_posterior,L_MTG,-0.1784761,-2.125457525253296,0.03919929265975952
